# ensemble targets: one row per star, one Flight per row.
# name        = target identifier (labels the Flight's result)
# value       = transit signal-to-noise (the per-target quantity analyze scores)
# period_days = orbital period [days]
# rp_rstar    = planet-to-star radius ratio Rp/R* [dimensionless]
# depth_ppm   = transit depth [parts per million]
name,value,period_days,rp_rstar,depth_ppm
WASP-12 b,38.4,1.0914203,0.1175,13800
HD 209458 b,42.1,3.5247486,0.1213,14700
GJ 1214 b,18.4,1.5804040,0.1162,13500
TRAPPIST-1 e,9.6,6.0996000,0.0455,2070
